,well,Platename,value1,value2,col,row,rownum,giffile
84,85,A,-31.7850150654406,-28.681070154456272,1,H,7,https://media3.giphy.com/media/4Q1yT33NjVgQFM5cAQ/giphy-downsized.gif?cid=e1bb72ff5adf0aec6b4b536155ba9526
180,85,B,-4398.559215431884,-7970.615105519131,1,H,7,https://media0.giphy.com/media/cFf3HoF72uXao/giphy-downsized.gif?cid=e1bb72ff5adf0aec6b4b5361559ec435
276,85,C,-72518423.50152257,23695.26210192677,1,H,7,https://media1.giphy.com/media/AOfJzBDsN9xVC/giphy-downsized.gif?cid=e1bb72ff5adf0aec6b4b5361559ec435
372,85,D,-2.139032742802393,-0.8256995448330043,1,H,7,https://media3.giphy.com/media/cECEiG5gIEwEg/giphy-downsized.gif?cid=e1bb72ff5adf0aec6b4b5361559ec435
85,86,A,189.33052636861314,-57.36055026268969,2,H,7,https://media0.giphy.com/media/Lm0AX8sLQmcJW/giphy-downsized.gif?cid=e1bb72ff5adf0aec6b4b536155ba9526
181,86,B,2597.435987357802,14811.689173871004,2,H,7,https://media0.giphy.com/media/oJ8JfFCz1vkVG/giphy.gif?cid=e1bb72ff5adf0aec6b4b5361559ec435
277,86,C,-7334042.904401366,-32911705.36896683,2,H,7,https://media1.giphy.com/media/50xBFs9kxvzLW/giphy-tumblr.gif?cid=e1bb72ff5adf0aec6b4b5361559ec435
373,86,D,-0.2950798223036325,0.08081843385996654,2,H,7,https://media0.giphy.com/media/saOBjkasXxpRu/giphy.gif?cid=e1bb72ff5adf0aec6b4b5361559ec435
86,87,A,-85.91584684948836,-159.8317588762643,3,H,7,https://media2.giphy.com/media/fDcNzJAp78roQ/giphy-downsized.gif?cid=e1bb72ff5adf0aec6b4b536155ba9526
182,87,B,24672.44039900747,5880.014871670804,3,H,7,https://media3.giphy.com/media/G65CjNHhDSDPG/giphy-tumblr.gif?cid=e1bb72ff5adf0aec6b4b5361559ec435
278,87,C,-67113136.81146869,-530351.7477775051,3,H,7,https://media0.giphy.com/media/lFGL1mTY9vyYo/giphy-downsized.gif?cid=e1bb72ff5adf0aec6b4b5361559ec435
374,87,D,0.5950022614098646,-0.7461755748800345,3,H,7,https://media2.giphy.com/media/as5KKEVkyZ8c0/giphy-downsized.gif?cid=e1bb72ff5adf0aec6b4b5361559ec435
87,88,A,115.66781028412146,66.59613513792735,4,H,7,https://media1.giphy.com/media/M1S9wMIxm4bQs/giphy-downsized.gif?cid=e1bb72ff5adf0aec6b4b536155ba9526
183,88,B,10335.939090778282,-18295.785171075793,4,H,7,https://media1.giphy.com/media/KyUydx1xGhYT6/giphy-downsized.gif?cid=e1bb72ff5adf0aec6b4b5361559ec435
279,88,C,-17192617.244004324,-62286129.85986056,4,H,7,https://media0.giphy.com/media/H3LEwuWmVy1Ms/giphy-tumblr.gif?cid=e1bb72ff5adf0aec6b4b5361559ec435
375,88,D,0.7910128917723075,0.3689780378269338,4,H,7,https://media0.giphy.com/media/10UnQKpvjttkAM/giphy-downsized.gif?cid=e1bb72ff5adf0aec6b4b5361559ec435
88,89,A,52.77902073490225,461.7733838314365,5,H,7,https://media2.giphy.com/media/6HIYO4J8EaFos/giphy-downsized.gif?cid=e1bb72ff5adf0aec6b4b536155ba9526
184,89,B,-13796.658047068986,-822.2761981417231,5,H,7,https://media0.giphy.com/media/xT1XGQ9TuiWq3Gb7z2/giphy-downsized.gif?cid=e1bb72ff5adf0aec6b4b5361559ec435
280,89,C,-44199088.91250899,8506710.990348775,5,H,7,https://media0.giphy.com/media/cFf3HoF72uXao/giphy-downsized.gif?cid=e1bb72ff5adf0aec6b4b5361559ec435
376,89,D,0.31004425503540156,0.6992699940695966,5,H,7,https://media1.giphy.com/media/AOfJzBDsN9xVC/giphy-downsized.gif?cid=e1bb72ff5adf0aec6b4b5361559ec435
89,90,A,-15.1174382932097,90.1586145330103,6,H,7,https://media0.giphy.com/media/CZlrV2pBNWg3C/giphy-downsized.gif?cid=e1bb72ff5adf0aec6b4b536155ba9526
185,90,B,-6901.801813622833,1287.9189284778392,6,H,7,https://media1.giphy.com/media/NGfA1idYxCU24/giphy-downsized.gif?cid=e1bb72ff5adf0aec6b4b5361559ec435
281,90,C,10011303.060387583,14720376.823748562,6,H,7,https://media0.giphy.com/media/oJ8JfFCz1vkVG/giphy.gif?cid=e1bb72ff5adf0aec6b4b5361559ec435
377,90,D,-0.8033726955499233,1.1384594382601163,6,H,7,https://media1.giphy.com/media/50xBFs9kxvzLW/giphy-tumblr.gif?cid=e1bb72ff5adf0aec6b4b5361559ec435
90,91,A,139.73905824949014,245.14700042819507,7,H,7,https://media2.giphy.com/media/8fFHc4t1Fj33y/giphy-downsized.gif?cid=e1bb72ff5adf0aec6b4b536155ba9526
186,91,B,10358.009447690996,1246.7257072475109,7,H,7,https://media2.giphy.com/media/KUUXPIF439swE/giphy-downsized.gif?cid=e1bb72ff5adf0aec6b4b5361559ec435
282,91,C,28153299.1629876,-26804166.99049103,7,H,7,https://media3.giphy.com/media/G65CjNHhDSDPG/giphy-tumblr.gif?cid=e1bb72ff5adf0aec6b4b5361559ec435
378,91,D,0.3785585896002094,1.7424795073858228,7,H,7,https://media0.giphy.com/media/lFGL1mTY9vyYo/giphy-downsized.gif?cid=e1bb72ff5adf0aec6b4b5361559ec435
91,92,A,587.7748914933039,-55.30267100536304,8,H,7,https://media1.giphy.com/media/2hclk5K7Zn4nC/giphy-downsized.gif?cid=e1bb72ff5adf0aec6b4b536155ba9526
187,92,B,-160.4083016637917,-34500.33903693375,8,H,7,https://media2.giphy.com/media/FCiBq3pRmd5bG/giphy-downsized.gif?cid=e1bb72ff5adf0aec6b4b5361559ec435
283,92,C,15164500.122641748,-10511458.765431447,8,H,7,https://media1.giphy.com/media/KyUydx1xGhYT6/giphy-downsized.gif?cid=e1bb72ff5adf0aec6b4b5361559ec435
379,92,D,0.5916917796252811,0.16322881315407456,8,H,7,https://media0.giphy.com/media/H3LEwuWmVy1Ms/giphy-tumblr.gif?cid=e1bb72ff5adf0aec6b4b5361559ec435
92,93,A,-262.09454628902523,160.24578302954288,9,H,7,https://media2.giphy.com/media/p3Xn8XC79ZDvq/giphy.gif?cid=e1bb72ff5adf0aec6b4b536155ba9526
188,93,B,8743.322248026989,-10247.038608405936,9,H,7,https://media0.giphy.com/media/uvdv57Rt4aIOA/giphy.gif?cid=e1bb72ff5adf0aec6b4b5361559ec435
284,93,C,-28729824.290683497,-7890902.71815587,9,H,7,https://media0.giphy.com/media/xT1XGQ9TuiWq3Gb7z2/giphy-downsized.gif?cid=e1bb72ff5adf0aec6b4b5361559ec435
380,93,D,1.4195272601559354,1.652755247798049,9,H,7,https://media0.giphy.com/media/cFf3HoF72uXao/giphy-downsized.gif?cid=e1bb72ff5adf0aec6b4b5361559ec435
93,94,A,-144.15092056979933,-474.16973792649713,10,H,7,https://media3.giphy.com/media/14k3TOA2fVTBRu/giphy-downsized.gif?cid=e1bb72ff5adf0aec6b4b536155ba9526
189,94,B,-8292.824460500975,-2389.879743921641,10,H,7,https://media2.giphy.com/media/Ki83sBj21sypW/giphy-downsized.gif?cid=e1bb72ff5adf0aec6b4b5361559ec435
285,94,C,-57349440.284785755,-12260934.987334441,10,H,7,https://media1.giphy.com/media/NGfA1idYxCU24/giphy-downsized.gif?cid=e1bb72ff5adf0aec6b4b5361559ec435
381,94,D,-0.4516150890786352,-1.1373019558415893,10,H,7,https://media0.giphy.com/media/oJ8JfFCz1vkVG/giphy.gif?cid=e1bb72ff5adf0aec6b4b5361559ec435
94,95,A,-198.41436453265294,59.31707024758896,11,H,7,https://media2.giphy.com/media/gjHpLsxS9PRMk/giphy.gif?cid=e1bb72ff5adf0aec6b4b536155ba9526
190,95,B,-13005.519559806684,-8209.785997710915,11,H,7,https://media2.giphy.com/media/b2SP9QlVyq1r2/giphy-downsized.gif?cid=e1bb72ff5adf0aec6b4b5361559ec435
286,95,C,28813252.01297393,-4289514.543187626,11,H,7,https://media2.giphy.com/media/KUUXPIF439swE/giphy-downsized.gif?cid=e1bb72ff5adf0aec6b4b5361559ec435
382,95,D,-0.4353968729937548,-1.0407949967847947,11,H,7,https://media3.giphy.com/media/G65CjNHhDSDPG/giphy-tumblr.gif?cid=e1bb72ff5adf0aec6b4b5361559ec435
95,96,A,320.4631841852605,-516.5400215931622,12,H,7,https://media1.giphy.com/media/X7FUesmL0CMbC/giphy-downsized.gif?cid=e1bb72ff5adf0aec6b4b536155ba9526
191,96,B,6317.596822954902,10561.353662766787,12,H,7,https://media2.giphy.com/media/gx2Ui2hu4Ori8/giphy-tumblr.gif?cid=e1bb72ff5adf0aec6b4b5361559ec435
287,96,C,-1222141.2144995478,35922482.974726886,12,H,7,https://media2.giphy.com/media/FCiBq3pRmd5bG/giphy-downsized.gif?cid=e1bb72ff5adf0aec6b4b5361559ec435
383,96,D,0.9650927198134748,1.676638163110844,12,H,7,https://media1.giphy.com/media/KyUydx1xGhYT6/giphy-downsized.gif?cid=e1bb72ff5adf0aec6b4b5361559ec435
72,73,A,-193.75283013360362,86.87829017803496,1,G,6,https://media0.giphy.com/media/bhpJ0EAcinyaA/giphy-downsized.gif?cid=e1bb72ff5adf0aeb4f6b7248363850b4
168,73,B,4847.955327481804,-8635.809528965496,1,G,6,https://media3.giphy.com/media/148tgMI6HQ27LO/giphy-downsized.gif?cid=e1bb72ff5adf0aec6b4b5361559ec435
264,73,C,-5678616.1756683225,-16025176.944051255,1,G,6,https://media2.giphy.com/media/Ki83sBj21sypW/giphy-downsized.gif?cid=e1bb72ff5adf0aec6b4b5361559ec435
360,73,D,0.37734866418779767,-0.5636518730045378,1,G,6,https://media1.giphy.com/media/NGfA1idYxCU24/giphy-downsized.gif?cid=e1bb72ff5adf0aec6b4b5361559ec435
73,74,A,-352.662319963512,-288.06541048458854,2,G,6,https://media1.giphy.com/media/MxO6UrUAhneyQ/giphy-downsized.gif?cid=e1bb72ff5adf0aeb4f6b7248363850b4
169,74,B,-352.68390504545613,-7010.029040390075,2,G,6,https://media2.giphy.com/media/l49JThpgIOD24fGxi/giphy.gif?cid=e1bb72ff5adf0aec6b4b5361559ec435
265,74,C,53509311.3655522,-27989006.344998028,2,G,6,https://media2.giphy.com/media/b2SP9QlVyq1r2/giphy-downsized.gif?cid=e1bb72ff5adf0aec6b4b5361559ec435
361,74,D,1.489654706896479,-1.7868018616157864,2,G,6,https://media2.giphy.com/media/KUUXPIF439swE/giphy-downsized.gif?cid=e1bb72ff5adf0aec6b4b5361559ec435
74,75,A,57.103840221093535,180.0595389801724,3,G,6,https://media1.giphy.com/media/AOrXF3bxsO5HO/giphy-downsized.gif?cid=e1bb72ff5adf0aeb4f6b7248363850b4
170,75,B,-532.7849321452533,9873.041056191267,3,G,6,https://media3.giphy.com/media/zNeY0bnv5cn9C/giphy-downsized.gif?cid=e1bb72ff5adf0aec6b4b5361559ec435
266,75,C,-31407247.929693867,-63774042.87591739,3,G,6,https://media2.giphy.com/media/gx2Ui2hu4Ori8/giphy-tumblr.gif?cid=e1bb72ff5adf0aec6b4b5361559ec435
362,75,D,-0.7561923157167352,0.36675758381953216,3,G,6,https://media2.giphy.com/media/FCiBq3pRmd5bG/giphy-downsized.gif?cid=e1bb72ff5adf0aec6b4b5361559ec435
75,76,A,151.3418114200649,611.5084162044767,4,G,6,https://media3.giphy.com/media/3JwrT1ZFw6byE/giphy-downsized.gif?cid=e1bb72ff5adf0aec6b4b536155ba9526
171,76,B,8781.29292128556,6487.111580818452,4,G,6,https://media1.giphy.com/media/mUJKLVV6SrcOI/giphy-tumblr.gif?cid=e1bb72ff5adf0aec6b4b5361559ec435
267,76,C,-33900015.110150255,62508775.7841495,4,G,6,https://media3.giphy.com/media/TJ68bgiVI82JO/giphy-downsized.gif?cid=e1bb72ff5adf0aec6b4b5361559ec435
363,76,D,1.7065323983777276,-0.9474196373370073,4,G,6,https://media0.giphy.com/media/uvdv57Rt4aIOA/giphy.gif?cid=e1bb72ff5adf0aec6b4b5361559ec435
76,77,A,-286.55068870819906,-591.0149734704574,5,G,6,https://media0.giphy.com/media/12XSJx0cpITtM4/giphy-downsized.gif?cid=e1bb72ff5adf0aec6b4b536155ba9526
172,77,B,-6974.541180597781,-4303.380945430389,5,G,6,https://media3.giphy.com/media/cECEiG5gIEwEg/giphy-downsized.gif?cid=e1bb72ff5adf0aec6b4b5361559ec435
268,77,C,35960098.260587394,46703495.8175796,5,G,6,https://media3.giphy.com/media/148tgMI6HQ27LO/giphy-downsized.gif?cid=e1bb72ff5adf0aec6b4b5361559ec435
364,77,D,-1.2946164432302816,-0.3015351474423351,5,G,6,https://media2.giphy.com/media/Ki83sBj21sypW/giphy-downsized.gif?cid=e1bb72ff5adf0aec6b4b5361559ec435
77,78,A,39.280304080910454,9.8526832444904,6,G,6,https://media3.giphy.com/media/IOBv4CrFz4CrK/giphy-downsized.gif?cid=e1bb72ff5adf0aec6b4b536155ba9526
173,78,B,3460.3283021813277,16310.76857608803,6,G,6,https://media0.giphy.com/media/saOBjkasXxpRu/giphy.gif?cid=e1bb72ff5adf0aec6b4b5361559ec435
269,78,C,6484616.538603411,-15298506.150431678,6,G,6,https://media2.giphy.com/media/l49JThpgIOD24fGxi/giphy.gif?cid=e1bb72ff5adf0aec6b4b5361559ec435
365,78,D,0.18381513451908754,0.29219498923773807,6,G,6,https://media2.giphy.com/media/b2SP9QlVyq1r2/giphy-downsized.gif?cid=e1bb72ff5adf0aec6b4b5361559ec435
78,79,A,-142.40628913066686,-535.5462045425618,7,G,6,https://media3.giphy.com/media/DWovFNJwfCDbW/giphy-downsized.gif?cid=e1bb72ff5adf0aec6b4b536155ba9526
174,79,B,1945.6030464689088,1263.107052157636,7,G,6,https://media2.giphy.com/media/as5KKEVkyZ8c0/giphy-downsized.gif?cid=e1bb72ff5adf0aec6b4b5361559ec435
270,79,C,-2905863.938165194,25224441.243401382,7,G,6,https://media3.giphy.com/media/zNeY0bnv5cn9C/giphy-downsized.gif?cid=e1bb72ff5adf0aec6b4b5361559ec435
366,79,D,-0.5216080875773975,-0.8595148399797331,7,G,6,https://media2.giphy.com/media/gx2Ui2hu4Ori8/giphy-tumblr.gif?cid=e1bb72ff5adf0aec6b4b5361559ec435
79,80,A,232.8011535524934,-117.64233771484236,8,G,6,https://media1.giphy.com/media/Bbgv51Q5gcOnC/giphy-downsized.gif?cid=e1bb72ff5adf0aec6b4b536155ba9526
175,80,B,8086.496087028737,-5957.515965305781,8,G,6,https://media0.giphy.com/media/10UnQKpvjttkAM/giphy-downsized.gif?cid=e1bb72ff5adf0aec6b4b5361559ec435
271,80,C,41007463.71348393,-51290837.604766004,8,G,6,https://media1.giphy.com/media/mUJKLVV6SrcOI/giphy-tumblr.gif?cid=e1bb72ff5adf0aec6b4b5361559ec435
367,80,D,1.8154895420111252,0.0025153373699539124,8,G,6,https://media3.giphy.com/media/TJ68bgiVI82JO/giphy-downsized.gif?cid=e1bb72ff5adf0aec6b4b5361559ec435
80,81,A,-200.25754153660077,345.26484004600826,9,G,6,https://media3.giphy.com/media/QYuzrfif6jJuw/giphy-downsized.gif?cid=e1bb72ff5adf0aec6b4b536155ba9526
176,81,B,-2103.714453903793,-6558.18906847122,9,G,6,https://media1.giphy.com/media/AOfJzBDsN9xVC/giphy-downsized.gif?cid=e1bb72ff5adf0aec6b4b5361559ec435
272,81,C,-29891231.97449074,-54765893.91488354,9,G,6,https://media3.giphy.com/media/cECEiG5gIEwEg/giphy-downsized.gif?cid=e1bb72ff5adf0aec6b4b5361559ec435
368,81,D,-2.0042502762032415,1.1097524308813944,9,G,6,https://media3.giphy.com/media/148tgMI6HQ27LO/giphy-downsized.gif?cid=e1bb72ff5adf0aec6b4b5361559ec435
81,82,A,158.96757207094961,-260.41557832895376,10,G,6,https://media3.giphy.com/media/eJUc52kl3485W/giphy-downsized.gif?cid=e1bb72ff5adf0aec6b4b536155ba9526
177,82,B,-3446.5058354359708,-18221.01675878396,10,G,6,https://media1.giphy.com/media/50xBFs9kxvzLW/giphy-tumblr.gif?cid=e1bb72ff5adf0aec6b4b5361559ec435
273,82,C,3558532.635432428,24523779.023669325,10,G,6,https://media0.giphy.com/media/saOBjkasXxpRu/giphy.gif?cid=e1bb72ff5adf0aec6b4b5361559ec435
369,82,D,1.9789032603929086,0.817935121060157,10,G,6,https://media2.giphy.com/media/l49JThpgIOD24fGxi/giphy.gif?cid=e1bb72ff5adf0aec6b4b5361559ec435
82,83,A,294.8121213744881,-215.2363763189906,11,G,6,https://media1.giphy.com/media/12OTpnN7bnxD8I/giphy-downsized.gif?cid=e1bb72ff5adf0aec6b4b536155ba9526
178,83,B,-9472.314922007146,-4869.361498703491,11,G,6,https://media0.giphy.com/media/lFGL1mTY9vyYo/giphy-downsized.gif?cid=e1bb72ff5adf0aec6b4b5361559ec435
274,83,C,31142215.61547366,-6703187.932608166,11,G,6,https://media2.giphy.com/media/as5KKEVkyZ8c0/giphy-downsized.gif?cid=e1bb72ff5adf0aec6b4b5361559ec435
370,83,D,1.0491177557912243,0.061401449078763985,11,G,6,https://media3.giphy.com/media/zNeY0bnv5cn9C/giphy-downsized.gif?cid=e1bb72ff5adf0aec6b4b5361559ec435
83,84,A,357.9508766042513,157.6347949240617,12,G,6,https://media3.giphy.com/media/GaYSH9mgyc1SE/giphy-tumblr.gif?cid=e1bb72ff5adf0aec6b4b536155ba9526
179,84,B,-5026.198392680991,11876.130064016621,12,G,6,https://media0.giphy.com/media/H3LEwuWmVy1Ms/giphy-tumblr.gif?cid=e1bb72ff5adf0aec6b4b5361559ec435
275,84,C,29441026.092488963,42444427.907554954,12,G,6,https://media0.giphy.com/media/10UnQKpvjttkAM/giphy-downsized.gif?cid=e1bb72ff5adf0aec6b4b5361559ec435
371,84,D,0.8025695548338967,1.4521194710618948,12,G,6,https://media1.giphy.com/media/mUJKLVV6SrcOI/giphy-tumblr.gif?cid=e1bb72ff5adf0aec6b4b5361559ec435
60,61,A,-109.57295636340521,379.7723324106007,1,F,5,https://media1.giphy.com/media/opvfQ2yAPC3VC/giphy.gif?cid=e1bb72ff5adf0aeb4f6b7248363850b4
156,61,B,4952.430970859912,5687.177216256646,1,F,5,https://media0.giphy.com/media/oJ8JfFCz1vkVG/giphy.gif?cid=e1bb72ff5adf0aec6b4b5361559ec435
252,61,C,4921072.807762063,-54115847.95760716,1,F,5,https://media1.giphy.com/media/50xBFs9kxvzLW/giphy-tumblr.gif?cid=e1bb72ff5adf0aec6b4b5361559ec435
348,61,D,0.2554664244892424,0.1391640334242084,1,F,5,https://media0.giphy.com/media/saOBjkasXxpRu/giphy.gif?cid=e1bb72ff5adf0aec6b4b5361559ec435
61,62,A,220.57510744915496,218.89643681801485,2,F,5,https://media3.giphy.com/media/s0uyMcOm5Lkxq/giphy-tumblr.gif?cid=e1bb72ff5adf0aeb4f6b7248363850b4
157,62,B,7437.983401312974,-4612.606395714004,2,F,5,https://media3.giphy.com/media/G65CjNHhDSDPG/giphy-tumblr.gif?cid=e1bb72ff5adf0aec6b4b5361559ec435
253,62,C,-55649555.44812639,38907126.35183038,2,F,5,https://media0.giphy.com/media/lFGL1mTY9vyYo/giphy-downsized.gif?cid=e1bb72ff5adf0aec6b4b5361559ec435
349,62,D,0.4007173857892706,-0.4070908320082903,2,F,5,https://media2.giphy.com/media/as5KKEVkyZ8c0/giphy-downsized.gif?cid=e1bb72ff5adf0aec6b4b5361559ec435
62,63,A,-27.869786056982075,-239.27664683384592,3,F,5,https://media1.giphy.com/media/SfM7pd7MA4x8I/giphy.gif?cid=e1bb72ff5adf0aeb4f6b7248363850b4
158,63,B,7055.377159297017,-11702.680943591404,3,F,5,https://media1.giphy.com/media/KyUydx1xGhYT6/giphy-downsized.gif?cid=e1bb72ff5adf0aec6b4b5361559ec435
254,63,C,-21076293.756322056,35005242.11453236,3,F,5,https://media0.giphy.com/media/H3LEwuWmVy1Ms/giphy-tumblr.gif?cid=e1bb72ff5adf0aec6b4b5361559ec435
350,63,D,0.7169884623766003,-0.9754013327209418,3,F,5,https://media0.giphy.com/media/10UnQKpvjttkAM/giphy-downsized.gif?cid=e1bb72ff5adf0aec6b4b5361559ec435
63,64,A,158.27087265065316,-211.96813689785864,4,F,5,https://media3.giphy.com/media/10B6vtyUDhgtAA/giphy-downsized.gif?cid=e1bb72ff5adf0aeb4f6b7248363850b4
159,64,B,4454.876998318469,3715.0875500164743,4,F,5,https://media0.giphy.com/media/xT1XGQ9TuiWq3Gb7z2/giphy-downsized.gif?cid=e1bb72ff5adf0aec6b4b5361559ec435
255,64,C,-44952771.33023228,66976226.39661854,4,F,5,https://media0.giphy.com/media/cFf3HoF72uXao/giphy-downsized.gif?cid=e1bb72ff5adf0aec6b4b5361559ec435
351,64,D,-0.17710792122123442,-0.9840146260268328,4,F,5,https://media1.giphy.com/media/AOfJzBDsN9xVC/giphy-downsized.gif?cid=e1bb72ff5adf0aec6b4b5361559ec435
64,65,A,120.59821335912717,-305.25732188785884,5,F,5,https://media2.giphy.com/media/v5gRsus5CQs5W/giphy.gif?cid=e1bb72ff5adf0aeb4f6b7248363850b4
160,65,B,-7718.246373254215,6645.85278865399,5,F,5,https://media1.giphy.com/media/NGfA1idYxCU24/giphy-downsized.gif?cid=e1bb72ff5adf0aec6b4b5361559ec435
256,65,C,37820246.4380749,8238111.80649357,5,F,5,https://media0.giphy.com/media/oJ8JfFCz1vkVG/giphy.gif?cid=e1bb72ff5adf0aec6b4b5361559ec435
352,65,D,0.5207446308766936,2.1392776425471043,5,F,5,https://media1.giphy.com/media/50xBFs9kxvzLW/giphy-tumblr.gif?cid=e1bb72ff5adf0aec6b4b5361559ec435
65,66,A,-83.00302476942024,35.076922978852686,6,F,5,https://media3.giphy.com/media/MpZ46PCP0fEtO/giphy.gif?cid=e1bb72ff5adf0aeb4f6b7248363850b4
161,66,B,9000.69333867356,-4607.193695795525,6,F,5,https://media2.giphy.com/media/KUUXPIF439swE/giphy-downsized.gif?cid=e1bb72ff5adf0aec6b4b5361559ec435
257,66,C,844504.4030752134,-7853041.472078051,6,F,5,https://media3.giphy.com/media/G65CjNHhDSDPG/giphy-tumblr.gif?cid=e1bb72ff5adf0aec6b4b5361559ec435
353,66,D,0.21470626553533664,-1.4328797764286427,6,F,5,https://media0.giphy.com/media/lFGL1mTY9vyYo/giphy-downsized.gif?cid=e1bb72ff5adf0aec6b4b5361559ec435
66,67,A,-172.50035856196254,87.25095359015428,7,F,5,https://media2.giphy.com/media/darVl3YJnLEeA/giphy-downsized.gif?cid=e1bb72ff5adf0aeb4f6b7248363850b4
162,67,B,6395.155699874153,3300.194600107232,7,F,5,https://media2.giphy.com/media/FCiBq3pRmd5bG/giphy-downsized.gif?cid=e1bb72ff5adf0aec6b4b5361559ec435
258,67,C,24702683.625314515,7903686.881277516,7,F,5,https://media1.giphy.com/media/KyUydx1xGhYT6/giphy-downsized.gif?cid=e1bb72ff5adf0aec6b4b5361559ec435
354,67,D,-0.1024560564176263,1.0872737791191724,7,F,5,https://media0.giphy.com/media/H3LEwuWmVy1Ms/giphy-tumblr.gif?cid=e1bb72ff5adf0aec6b4b5361559ec435
67,68,A,56.90772144160405,-25.720120862149827,8,F,5,https://media2.giphy.com/media/NO0S4dlbhagvu/giphy-downsized.gif?cid=e1bb72ff5adf0aeb4f6b7248363850b4
163,68,B,-11060.944496968517,12331.59246496006,8,F,5,https://media0.giphy.com/media/uvdv57Rt4aIOA/giphy.gif?cid=e1bb72ff5adf0aec6b4b5361559ec435
259,68,C,-41297387.01925538,19191175.278344207,8,F,5,https://media0.giphy.com/media/xT1XGQ9TuiWq3Gb7z2/giphy-downsized.gif?cid=e1bb72ff5adf0aec6b4b5361559ec435
355,68,D,0.2170680711460987,-0.8003269086944713,8,F,5,https://media0.giphy.com/media/cFf3HoF72uXao/giphy-downsized.gif?cid=e1bb72ff5adf0aec6b4b5361559ec435
68,69,A,158.1061013014284,-127.05422606023924,9,F,5,https://media2.giphy.com/media/zYl51UA4UN0v6/giphy-downsized.gif?cid=e1bb72ff5adf0aeb4f6b7248363850b4
164,69,B,3348.4319694901606,9984.762133100736,9,F,5,https://media2.giphy.com/media/Ki83sBj21sypW/giphy-downsized.gif?cid=e1bb72ff5adf0aec6b4b5361559ec435
260,69,C,5906281.714966954,-9161151.429276899,9,F,5,https://media1.giphy.com/media/NGfA1idYxCU24/giphy-downsized.gif?cid=e1bb72ff5adf0aec6b4b5361559ec435
356,69,D,0.2862442552709395,-0.08274175400883191,9,F,5,https://media0.giphy.com/media/oJ8JfFCz1vkVG/giphy.gif?cid=e1bb72ff5adf0aec6b4b5361559ec435
69,70,A,64.20446193863006,212.45547885715445,10,F,5,https://media1.giphy.com/media/2wUFAt0uLHrzYx1ier/giphy.gif?cid=e1bb72ff5adf0aeb4f6b7248363850b4
165,70,B,-6205.0313894218525,-6200.057157342477,10,F,5,https://media2.giphy.com/media/b2SP9QlVyq1r2/giphy-downsized.gif?cid=e1bb72ff5adf0aec6b4b5361559ec435
261,70,C,-9961199.292877814,37706828.52532658,10,F,5,https://media2.giphy.com/media/KUUXPIF439swE/giphy-downsized.gif?cid=e1bb72ff5adf0aec6b4b5361559ec435
357,70,D,-0.8256947680684279,-0.5505647733801414,10,F,5,https://media3.giphy.com/media/G65CjNHhDSDPG/giphy-tumblr.gif?cid=e1bb72ff5adf0aec6b4b5361559ec435
70,71,A,393.20999759747014,-101.07839961470744,11,F,5,https://media3.giphy.com/media/HtONBuhBqNisU/giphy-downsized.gif?cid=e1bb72ff5adf0aeb4f6b7248363850b4
166,71,B,-16697.604397525305,3267.2916078312296,11,F,5,https://media2.giphy.com/media/gx2Ui2hu4Ori8/giphy-tumblr.gif?cid=e1bb72ff5adf0aec6b4b5361559ec435
262,71,C,33006853.696061406,-48409306.709203705,11,F,5,https://media2.giphy.com/media/FCiBq3pRmd5bG/giphy-downsized.gif?cid=e1bb72ff5adf0aec6b4b5361559ec435
358,71,D,-0.9069986996836402,-0.8458637162261871,11,F,5,https://media1.giphy.com/media/KyUydx1xGhYT6/giphy-downsized.gif?cid=e1bb72ff5adf0aec6b4b5361559ec435
71,72,A,526.1564614370874,76.98582268455249,12,F,5,https://media3.giphy.com/media/fH6unaZG33gYw/giphy-downsized.gif?cid=e1bb72ff5adf0aeb4f6b7248363850b4
167,72,B,3588.7274052050884,-6381.075965612714,12,F,5,https://media3.giphy.com/media/TJ68bgiVI82JO/giphy-downsized.gif?cid=e1bb72ff5adf0aec6b4b5361559ec435
263,72,C,7631199.003951292,-24225388.998951968,12,F,5,https://media0.giphy.com/media/uvdv57Rt4aIOA/giphy.gif?cid=e1bb72ff5adf0aec6b4b5361559ec435
359,72,D,-1.3827890436942325,-0.08776441403944964,12,F,5,https://media0.giphy.com/media/xT1XGQ9TuiWq3Gb7z2/giphy-downsized.gif?cid=e1bb72ff5adf0aec6b4b5361559ec435
48,49,A,5.092224481461837,34.9889248290286,1,E,4,https://media0.giphy.com/media/kd1N4R8PhzD9u/giphy-downsized.gif?cid=e1bb72ff5adf0aeb4f6b724836507d32
144,49,B,-5745.286737240844,15567.243929297263,1,E,4,https://media2.giphy.com/media/l49JThpgIOD24fGxi/giphy.gif?cid=e1bb72ff5adf0aec6b4b5361559ec435
240,49,C,10703014.250909034,-11857015.464550745,1,E,4,https://media2.giphy.com/media/b2SP9QlVyq1r2/giphy-downsized.gif?cid=e1bb72ff5adf0aec6b4b5361559ec435
336,49,D,0.31498369087711214,-0.08873351652491825,1,E,4,https://media2.giphy.com/media/KUUXPIF439swE/giphy-downsized.gif?cid=e1bb72ff5adf0aec6b4b5361559ec435
49,50,A,-219.93565131500088,-47.87936174279207,2,E,4,https://media2.giphy.com/media/WlVDQg4BYpmCs/giphy.gif?cid=e1bb72ff5adf0aeb4f6b724836507d32
145,50,B,3011.1829345419374,14700.796507008565,2,E,4,https://media3.giphy.com/media/zNeY0bnv5cn9C/giphy-downsized.gif?cid=e1bb72ff5adf0aec6b4b5361559ec435
241,50,C,-14107750.42388409,8734292.216580635,2,E,4,https://media2.giphy.com/media/gx2Ui2hu4Ori8/giphy-tumblr.gif?cid=e1bb72ff5adf0aec6b4b5361559ec435
337,50,D,-0.2392633666200172,-0.5812429556269457,2,E,4,https://media2.giphy.com/media/FCiBq3pRmd5bG/giphy-downsized.gif?cid=e1bb72ff5adf0aec6b4b5361559ec435
50,51,A,370.22874935950864,-17.10246277856596,3,E,4,https://media3.giphy.com/media/13wmA4yyqxHqvu/giphy-downsized.gif?cid=e1bb72ff5adf0aeb4f6b7248363850b4
146,51,B,-15029.691977109127,-2046.499266422806,3,E,4,https://media1.giphy.com/media/mUJKLVV6SrcOI/giphy-tumblr.gif?cid=e1bb72ff5adf0aec6b4b5361559ec435
242,51,C,-14662159.785632355,-7357328.065319789,3,E,4,https://media3.giphy.com/media/TJ68bgiVI82JO/giphy-downsized.gif?cid=e1bb72ff5adf0aec6b4b5361559ec435
338,51,D,1.263220072988047,0.5903653411028104,3,E,4,https://media0.giphy.com/media/uvdv57Rt4aIOA/giphy.gif?cid=e1bb72ff5adf0aec6b4b5361559ec435
51,52,A,461.207364676631,-5.501287597052165,4,E,4,https://media0.giphy.com/media/5J50gPnlLyIEw/giphy-downsized.gif?cid=e1bb72ff5adf0aeb4f6b7248363850b4
147,52,B,3696.8769073812146,-11231.554153676327,4,E,4,https://media3.giphy.com/media/cECEiG5gIEwEg/giphy-downsized.gif?cid=e1bb72ff5adf0aec6b4b5361559ec435
243,52,C,-57011601.98011118,2299108.250532411,4,E,4,https://media3.giphy.com/media/148tgMI6HQ27LO/giphy-downsized.gif?cid=e1bb72ff5adf0aec6b4b5361559ec435
339,52,D,-0.8693263137846645,0.4218739946795307,4,E,4,https://media2.giphy.com/media/Ki83sBj21sypW/giphy-downsized.gif?cid=e1bb72ff5adf0aec6b4b5361559ec435
52,53,A,165.43436479504282,230.45213402651592,5,E,4,https://media1.giphy.com/media/EQZEnrrCxBXYA/giphy-downsized.gif?cid=e1bb72ff5adf0aeb4f6b7248363850b4
148,53,B,-5674.018866484197,10920.516742424865,5,E,4,https://media0.giphy.com/media/saOBjkasXxpRu/giphy.gif?cid=e1bb72ff5adf0aec6b4b5361559ec435
244,53,C,6290573.371951637,-30551145.057813615,5,E,4,https://media2.giphy.com/media/l49JThpgIOD24fGxi/giphy.gif?cid=e1bb72ff5adf0aec6b4b5361559ec435
340,53,D,0.4689405452118282,0.9366667672779191,5,E,4,https://media2.giphy.com/media/b2SP9QlVyq1r2/giphy-downsized.gif?cid=e1bb72ff5adf0aec6b4b5361559ec435
53,54,A,97.48334559848958,-318.88243323566076,6,E,4,https://media0.giphy.com/media/3vEn7pzZvHu9y/giphy-downsized.gif?cid=e1bb72ff5adf0aeb4f6b7248363850b4
149,54,B,-5790.048770043701,-6394.323726356802,6,E,4,https://media2.giphy.com/media/as5KKEVkyZ8c0/giphy-downsized.gif?cid=e1bb72ff5adf0aec6b4b5361559ec435
245,54,C,-37118674.386456616,7957942.506483713,6,E,4,https://media3.giphy.com/media/zNeY0bnv5cn9C/giphy-downsized.gif?cid=e1bb72ff5adf0aec6b4b5361559ec435
341,54,D,-0.166361838826401,0.09848517824050282,6,E,4,https://media2.giphy.com/media/gx2Ui2hu4Ori8/giphy-tumblr.gif?cid=e1bb72ff5adf0aec6b4b5361559ec435
54,55,A,271.0625128117922,114.35530473304834,7,E,4,https://media3.giphy.com/media/hOtWgqo9Ppzlm/giphy-downsized.gif?cid=e1bb72ff5adf0aeb4f6b7248363850b4
150,55,B,7949.705050632861,-8201.671792624486,7,E,4,https://media0.giphy.com/media/10UnQKpvjttkAM/giphy-downsized.gif?cid=e1bb72ff5adf0aec6b4b5361559ec435
246,55,C,54440820.67754805,-10062687.597441304,7,E,4,https://media1.giphy.com/media/mUJKLVV6SrcOI/giphy-tumblr.gif?cid=e1bb72ff5adf0aec6b4b5361559ec435
342,55,D,0.572586161111971,0.19449310676300322,7,E,4,https://media3.giphy.com/media/TJ68bgiVI82JO/giphy-downsized.gif?cid=e1bb72ff5adf0aec6b4b5361559ec435
55,56,A,249.57379656923393,-161.36618226104036,8,E,4,https://media2.giphy.com/media/S6M1F6oyR5hAs/giphy-downsized.gif?cid=e1bb72ff5adf0aeb4f6b7248363850b4
151,56,B,-7995.425728294471,-249.00200853579292,8,E,4,https://media1.giphy.com/media/AOfJzBDsN9xVC/giphy-downsized.gif?cid=e1bb72ff5adf0aec6b4b5361559ec435
247,56,C,-12802313.92536532,-46108385.538931556,8,E,4,https://media3.giphy.com/media/cECEiG5gIEwEg/giphy-downsized.gif?cid=e1bb72ff5adf0aec6b4b5361559ec435
343,56,D,0.1926727479798541,-1.0345703631984988,8,E,4,https://media3.giphy.com/media/148tgMI6HQ27LO/giphy-downsized.gif?cid=e1bb72ff5adf0aec6b4b5361559ec435
56,57,A,-56.85754398581628,6.514615793427162,9,E,4,https://media3.giphy.com/media/D1u7hj65rbq3C/giphy-downsized.gif?cid=e1bb72ff5adf0aeb4f6b7248363850b4
152,57,B,6487.917354048713,-14125.665581367859,9,E,4,https://media1.giphy.com/media/50xBFs9kxvzLW/giphy-tumblr.gif?cid=e1bb72ff5adf0aec6b4b5361559ec435
248,57,C,3137036.8065460846,22674211.344771236,9,E,4,https://media0.giphy.com/media/saOBjkasXxpRu/giphy.gif?cid=e1bb72ff5adf0aec6b4b5361559ec435
344,57,D,-0.09673409636604464,0.523581955802503,9,E,4,https://media2.giphy.com/media/l49JThpgIOD24fGxi/giphy.gif?cid=e1bb72ff5adf0aec6b4b5361559ec435
57,58,A,192.45180770850504,-84.68453972729137,10,E,4,https://media0.giphy.com/media/Wnb9PD1Tnl3yg/giphy-downsized.gif?cid=e1bb72ff5adf0aeb4f6b7248363850b4
153,58,B,-2322.956219980797,-553.3206640036499,10,E,4,https://media0.giphy.com/media/lFGL1mTY9vyYo/giphy-downsized.gif?cid=e1bb72ff5adf0aec6b4b5361559ec435
249,58,C,-3616161.88154543,-37826004.54121753,10,E,4,https://media2.giphy.com/media/as5KKEVkyZ8c0/giphy-downsized.gif?cid=e1bb72ff5adf0aec6b4b5361559ec435
345,58,D,0.5436700130166756,-0.1858892446300397,10,E,4,https://media3.giphy.com/media/zNeY0bnv5cn9C/giphy-downsized.gif?cid=e1bb72ff5adf0aec6b4b5361559ec435
58,59,A,53.48487267794781,4.295191050623485,11,E,4,https://media0.giphy.com/media/hZo6Fqp2pcMgM/giphy-downsized.gif?cid=e1bb72ff5adf0aeb4f6b7248363850b4
154,59,B,-5431.7071500163875,13313.850163552159,11,E,4,https://media0.giphy.com/media/H3LEwuWmVy1Ms/giphy-tumblr.gif?cid=e1bb72ff5adf0aec6b4b5361559ec435
250,59,C,-59936633.169712566,-11111197.880200138,11,E,4,https://media0.giphy.com/media/10UnQKpvjttkAM/giphy-downsized.gif?cid=e1bb72ff5adf0aec6b4b5361559ec435
346,59,D,-0.20507606777037515,0.9715556660388643,11,E,4,https://media1.giphy.com/media/mUJKLVV6SrcOI/giphy-tumblr.gif?cid=e1bb72ff5adf0aec6b4b5361559ec435
59,60,A,67.41705406690923,11.05464757140025,12,E,4,https://media2.giphy.com/media/GPHyozA7QdCko/giphy.gif?cid=e1bb72ff5adf0aeb4f6b7248363850b4
155,60,B,-8104.182755590009,-11739.812361592923,12,E,4,https://media0.giphy.com/media/cFf3HoF72uXao/giphy-downsized.gif?cid=e1bb72ff5adf0aec6b4b5361559ec435
251,60,C,-47379129.17226531,50195858.66620637,12,E,4,https://media1.giphy.com/media/AOfJzBDsN9xVC/giphy-downsized.gif?cid=e1bb72ff5adf0aec6b4b5361559ec435
347,60,D,-1.4664308334514191,-1.0218564743386476,12,E,4,https://media3.giphy.com/media/cECEiG5gIEwEg/giphy-downsized.gif?cid=e1bb72ff5adf0aec6b4b5361559ec435
36,37,A,-288.5075657869057,-93.50414731742524,1,D,3,https://media2.giphy.com/media/CTVCAN18lKvVm/giphy-downsized.gif?cid=e1bb72ff5adf0aeb4f6b724836507d32
132,37,B,-1014.9651957040551,115.24268120904496,1,D,3,https://media3.giphy.com/media/G65CjNHhDSDPG/giphy-tumblr.gif?cid=e1bb72ff5adf0aec6b4b5361559ec435
228,37,C,-23250093.24827107,-29185724.414909326,1,D,3,https://media0.giphy.com/media/lFGL1mTY9vyYo/giphy-downsized.gif?cid=e1bb72ff5adf0aec6b4b5361559ec435
324,37,D,-1.4357132624293796,0.4928056973398382,1,D,3,https://media2.giphy.com/media/as5KKEVkyZ8c0/giphy-downsized.gif?cid=e1bb72ff5adf0aec6b4b5361559ec435
37,38,A,-144.7781683162215,78.85229332486257,2,D,3,https://media2.giphy.com/media/10sHlS1knPIa9W/giphy-downsized.gif?cid=e1bb72ff5adf0aeb4f6b724836507d32
133,38,B,4666.447339738282,4135.945311641948,2,D,3,https://media1.giphy.com/media/KyUydx1xGhYT6/giphy-downsized.gif?cid=e1bb72ff5adf0aec6b4b5361559ec435
229,38,C,25338229.19200333,-60806607.26815525,2,D,3,https://media0.giphy.com/media/H3LEwuWmVy1Ms/giphy-tumblr.gif?cid=e1bb72ff5adf0aec6b4b5361559ec435
325,38,D,0.8123687930381411,0.9628931188872644,2,D,3,https://media0.giphy.com/media/10UnQKpvjttkAM/giphy-downsized.gif?cid=e1bb72ff5adf0aec6b4b5361559ec435
38,39,A,-47.311855077166975,617.6000879048419,3,D,3,https://media1.giphy.com/media/hapYQQbXjhOOk/giphy-downsized.gif?cid=e1bb72ff5adf0aeb4f6b724836507d32
134,39,B,-1109.1407449656747,-1588.5779949463144,3,D,3,https://media0.giphy.com/media/xT1XGQ9TuiWq3Gb7z2/giphy-downsized.gif?cid=e1bb72ff5adf0aec6b4b5361559ec435
230,39,C,7965806.207248859,2264215.846532949,3,D,3,https://media0.giphy.com/media/cFf3HoF72uXao/giphy-downsized.gif?cid=e1bb72ff5adf0aec6b4b5361559ec435
326,39,D,1.121811573612536,0.04679914299235712,3,D,3,https://media1.giphy.com/media/AOfJzBDsN9xVC/giphy-downsized.gif?cid=e1bb72ff5adf0aec6b4b5361559ec435
39,40,A,14.05337565884832,206.2571472134815,4,D,3,https://media1.giphy.com/media/N2nEjxEeaXauc/giphy-downsized.gif?cid=e1bb72ff5adf0aeb4f6b724836507d32
135,40,B,-3263.5961890175754,20562.90168005467,4,D,3,https://media1.giphy.com/media/NGfA1idYxCU24/giphy-downsized.gif?cid=e1bb72ff5adf0aec6b4b5361559ec435
231,40,C,-3045695.637103211,10924653.527049465,4,D,3,https://media0.giphy.com/media/oJ8JfFCz1vkVG/giphy.gif?cid=e1bb72ff5adf0aec6b4b5361559ec435
327,40,D,-1.1640014398741714,0.2855018217108144,4,D,3,https://media1.giphy.com/media/50xBFs9kxvzLW/giphy-tumblr.gif?cid=e1bb72ff5adf0aec6b4b5361559ec435
40,41,A,-18.428516774767004,459.7596249051252,5,D,3,https://media0.giphy.com/media/nihokbGq3W9rO/giphy-downsized.gif?cid=e1bb72ff5adf0aeb4f6b724836507d32
136,41,B,-5928.319664436062,3993.4515610660783,5,D,3,https://media2.giphy.com/media/KUUXPIF439swE/giphy-downsized.gif?cid=e1bb72ff5adf0aec6b4b5361559ec435
232,41,C,-4367353.408399804,33702583.12381094,5,D,3,https://media3.giphy.com/media/G65CjNHhDSDPG/giphy-tumblr.gif?cid=e1bb72ff5adf0aec6b4b5361559ec435
328,41,D,0.1440852709937866,0.4400343156544185,5,D,3,https://media0.giphy.com/media/lFGL1mTY9vyYo/giphy-downsized.gif?cid=e1bb72ff5adf0aec6b4b5361559ec435
41,42,A,-127.57592195383369,80.27928304908306,6,D,3,https://media3.giphy.com/media/IBeGwp4jqoVS8/giphy-downsized.gif?cid=e1bb72ff5adf0aeb4f6b724836507d32
137,42,B,-2522.38161320425,-7591.043771934248,6,D,3,https://media2.giphy.com/media/FCiBq3pRmd5bG/giphy-downsized.gif?cid=e1bb72ff5adf0aec6b4b5361559ec435
233,42,C,-24907470.350517,1331323.8517100378,6,D,3,https://media1.giphy.com/media/KyUydx1xGhYT6/giphy-downsized.gif?cid=e1bb72ff5adf0aec6b4b5361559ec435
329,42,D,-1.696288999427354,1.0988910673730712,6,D,3,https://media0.giphy.com/media/H3LEwuWmVy1Ms/giphy-tumblr.gif?cid=e1bb72ff5adf0aec6b4b5361559ec435
42,43,A,-426.1841747341895,39.48293235278352,7,D,3,https://media3.giphy.com/media/YFab9wGKu2jcY/giphy.gif?cid=e1bb72ff5adf0aeb4f6b724836507d32
138,43,B,-10627.196865901742,11375.835327202887,7,D,3,https://media0.giphy.com/media/uvdv57Rt4aIOA/giphy.gif?cid=e1bb72ff5adf0aec6b4b5361559ec435
234,43,C,19431975.41150171,32432807.895724326,7,D,3,https://media0.giphy.com/media/xT1XGQ9TuiWq3Gb7z2/giphy-downsized.gif?cid=e1bb72ff5adf0aec6b4b5361559ec435
330,43,D,0.07562763889090862,0.7654938432507062,7,D,3,https://media0.giphy.com/media/cFf3HoF72uXao/giphy-downsized.gif?cid=e1bb72ff5adf0aec6b4b5361559ec435
43,44,A,159.6875605748668,233.7137541418095,8,D,3,https://media3.giphy.com/media/gePthY98ByzAY/giphy.gif?cid=e1bb72ff5adf0aeb4f6b724836507d32
139,44,B,-6071.204889586335,-567.0421648857741,8,D,3,https://media2.giphy.com/media/Ki83sBj21sypW/giphy-downsized.gif?cid=e1bb72ff5adf0aec6b4b5361559ec435
235,44,C,5378366.974192593,50591042.57922139,8,D,3,https://media1.giphy.com/media/NGfA1idYxCU24/giphy-downsized.gif?cid=e1bb72ff5adf0aec6b4b5361559ec435
331,44,D,1.7990853493804375,-0.18761316539898432,8,D,3,https://media0.giphy.com/media/oJ8JfFCz1vkVG/giphy.gif?cid=e1bb72ff5adf0aec6b4b5361559ec435
44,45,A,168.79782191725707,-375.7609927808002,9,D,3,https://media3.giphy.com/media/cttH3mB5wn1GIQPMar/giphy-downsized.gif?cid=e1bb72ff5adf0aeb4f6b724836507d32
140,45,B,15807.383902100846,-8307.359935357008,9,D,3,https://media2.giphy.com/media/b2SP9QlVyq1r2/giphy-downsized.gif?cid=e1bb72ff5adf0aec6b4b5361559ec435
236,45,C,51955437.282173656,9765301.487023644,9,D,3,https://media2.giphy.com/media/KUUXPIF439swE/giphy-downsized.gif?cid=e1bb72ff5adf0aec6b4b5361559ec435
332,45,D,-1.421268890992676,2.503834941565573,9,D,3,https://media3.giphy.com/media/G65CjNHhDSDPG/giphy-tumblr.gif?cid=e1bb72ff5adf0aec6b4b5361559ec435
45,46,A,-402.8302324522144,-116.78862303853568,10,D,3,https://media1.giphy.com/media/2xPPiPgwdKfhycsfKA/giphy.gif?cid=e1bb72ff5adf0aeb4f6b724836507d32
141,46,B,-6437.411105241403,-8460.490326048523,10,D,3,https://media2.giphy.com/media/gx2Ui2hu4Ori8/giphy-tumblr.gif?cid=e1bb72ff5adf0aec6b4b5361559ec435
237,46,C,-7691806.624516228,-36770778.39034898,10,D,3,https://media2.giphy.com/media/FCiBq3pRmd5bG/giphy-downsized.gif?cid=e1bb72ff5adf0aec6b4b5361559ec435
333,46,D,0.4049317001925949,-0.8331414786971386,10,D,3,https://media1.giphy.com/media/KyUydx1xGhYT6/giphy-downsized.gif?cid=e1bb72ff5adf0aec6b4b5361559ec435
46,47,A,269.11660452084004,150.41473685455833,11,D,3,https://media0.giphy.com/media/m4WbHDnsSMYms/giphy.gif?cid=e1bb72ff5adf0aeb4f6b724836507d32
142,47,B,5677.581739981012,6969.601577738617,11,D,3,https://media3.giphy.com/media/TJ68bgiVI82JO/giphy-downsized.gif?cid=e1bb72ff5adf0aec6b4b5361559ec435
238,47,C,-9290555.80007224,-20833513.137161035,11,D,3,https://media0.giphy.com/media/uvdv57Rt4aIOA/giphy.gif?cid=e1bb72ff5adf0aec6b4b5361559ec435
334,47,D,1.0165379839142132,-1.1151332611296663,11,D,3,https://media0.giphy.com/media/xT1XGQ9TuiWq3Gb7z2/giphy-downsized.gif?cid=e1bb72ff5adf0aec6b4b5361559ec435
47,48,A,234.9592999342685,70.92212131413336,12,D,3,https://media2.giphy.com/media/ExevHR23Pm43m/giphy-downsized.gif?cid=e1bb72ff5adf0aeb4f6b724836507d32
143,48,B,1691.7175688665618,-6026.10472993467,12,D,3,https://media3.giphy.com/media/148tgMI6HQ27LO/giphy-downsized.gif?cid=e1bb72ff5adf0aec6b4b5361559ec435
239,48,C,10798915.661697596,-10171388.742823105,12,D,3,https://media2.giphy.com/media/Ki83sBj21sypW/giphy-downsized.gif?cid=e1bb72ff5adf0aec6b4b5361559ec435
335,48,D,1.3655321734830188,0.9903185094728089,12,D,3,https://media1.giphy.com/media/NGfA1idYxCU24/giphy-downsized.gif?cid=e1bb72ff5adf0aec6b4b5361559ec435
24,25,A,-170.12825601131823,238.1747749166018,1,C,2,https://media1.giphy.com/media/nsh9mfiQyAF3y/giphy-downsized.gif?cid=e1bb72ff5adf0aea766c763045de7cf1
120,25,B,7845.3915452407855,-6159.386145493271,1,C,2,https://media3.giphy.com/media/zNeY0bnv5cn9C/giphy-downsized.gif?cid=e1bb72ff5adf0aec6b4b5361559ec435
216,25,C,-27424159.399106193,24725302.827480845,1,C,2,https://media2.giphy.com/media/gx2Ui2hu4Ori8/giphy-tumblr.gif?cid=e1bb72ff5adf0aec6b4b5361559ec435
312,25,D,-0.02472212878247443,0.7994901512321904,1,C,2,https://media2.giphy.com/media/FCiBq3pRmd5bG/giphy-downsized.gif?cid=e1bb72ff5adf0aec6b4b5361559ec435
25,26,A,-0.5941595447279197,-114.6573741348077,2,C,2,https://media2.giphy.com/media/AyTyUH9JXVS4E/giphy-downsized.gif?cid=e1bb72ff5adf0aeb4f6b724836507d32
121,26,B,-1075.5454744031235,-10886.794770030623,2,C,2,https://media1.giphy.com/media/mUJKLVV6SrcOI/giphy-tumblr.gif?cid=e1bb72ff5adf0aec6b4b5361559ec435
217,26,C,-30516068.390685726,78159964.47490105,2,C,2,https://media3.giphy.com/media/TJ68bgiVI82JO/giphy-downsized.gif?cid=e1bb72ff5adf0aec6b4b5361559ec435
313,26,D,-0.5413943181853261,-0.36725177779755963,2,C,2,https://media0.giphy.com/media/uvdv57Rt4aIOA/giphy.gif?cid=e1bb72ff5adf0aec6b4b5361559ec435
26,27,A,-29.83470223620411,-139.22943518947312,3,C,2,https://media0.giphy.com/media/CqDAi6VQOf9Ha/giphy-downsized.gif?cid=e1bb72ff5adf0aeb4f6b724836507d32
122,27,B,1445.304518069628,2606.216644582545,3,C,2,https://media3.giphy.com/media/cECEiG5gIEwEg/giphy-downsized.gif?cid=e1bb72ff5adf0aec6b4b5361559ec435
218,27,C,-18004497.576821253,26675381.948820658,3,C,2,https://media3.giphy.com/media/148tgMI6HQ27LO/giphy-downsized.gif?cid=e1bb72ff5adf0aec6b4b5361559ec435
314,27,D,1.3633588459037524,0.896591063871698,3,C,2,https://media2.giphy.com/media/Ki83sBj21sypW/giphy-downsized.gif?cid=e1bb72ff5adf0aec6b4b5361559ec435
27,28,A,-273.5871675862247,-70.56478124294848,4,C,2,https://media1.giphy.com/media/AOs63kSosNTLa/giphy-downsized.gif?cid=e1bb72ff5adf0aeb4f6b724836507d32
123,28,B,-2644.957399770186,3375.8140669535906,4,C,2,https://media0.giphy.com/media/saOBjkasXxpRu/giphy.gif?cid=e1bb72ff5adf0aec6b4b5361559ec435
219,28,C,-9474925.18354261,-9854651.404966302,4,C,2,https://media2.giphy.com/media/l49JThpgIOD24fGxi/giphy.gif?cid=e1bb72ff5adf0aec6b4b5361559ec435
315,28,D,0.7810883889002833,0.49238002997733654,4,C,2,https://media2.giphy.com/media/b2SP9QlVyq1r2/giphy-downsized.gif?cid=e1bb72ff5adf0aec6b4b5361559ec435
28,29,A,509.13388339004507,-7.394350758729084,5,C,2,https://media1.giphy.com/media/8q1gtvQ2Kth6g/giphy-downsized.gif?cid=e1bb72ff5adf0aeb4f6b724836507d32
124,29,B,-9833.515649263014,-2634.946095866064,5,C,2,https://media2.giphy.com/media/as5KKEVkyZ8c0/giphy-downsized.gif?cid=e1bb72ff5adf0aec6b4b5361559ec435
220,29,C,41970499.02126361,50783625.8352179,5,C,2,https://media3.giphy.com/media/zNeY0bnv5cn9C/giphy-downsized.gif?cid=e1bb72ff5adf0aec6b4b5361559ec435
316,29,D,-0.5663949505758243,-0.006676463224887174,5,C,2,https://media2.giphy.com/media/gx2Ui2hu4Ori8/giphy-tumblr.gif?cid=e1bb72ff5adf0aec6b4b5361559ec435
29,30,A,216.33200874286285,443.68636017970175,6,C,2,https://media1.giphy.com/media/Kj6fc5dV0ZBMk/giphy-downsized.gif?cid=e1bb72ff5adf0aeb4f6b724836507d32
125,30,B,13229.105605262352,4863.440086119601,6,C,2,https://media0.giphy.com/media/10UnQKpvjttkAM/giphy-downsized.gif?cid=e1bb72ff5adf0aec6b4b5361559ec435
221,30,C,2377373.7070427598,-58592022.868388355,6,C,2,https://media1.giphy.com/media/mUJKLVV6SrcOI/giphy-tumblr.gif?cid=e1bb72ff5adf0aec6b4b5361559ec435
317,30,D,-2.0790948529371893,0.30940288328111504,6,C,2,https://media3.giphy.com/media/TJ68bgiVI82JO/giphy-downsized.gif?cid=e1bb72ff5adf0aec6b4b5361559ec435
30,31,A,24.558779072362658,139.4073264637716,7,C,2,https://media3.giphy.com/media/cNlyGNiPQnUwU/giphy-downsized.gif?cid=e1bb72ff5adf0aeb4f6b724836507d32
126,31,B,-8193.620283654665,-12488.967416344998,7,C,2,https://media1.giphy.com/media/AOfJzBDsN9xVC/giphy-downsized.gif?cid=e1bb72ff5adf0aec6b4b5361559ec435
222,31,C,12738796.928740088,-5312783.655662577,7,C,2,https://media3.giphy.com/media/cECEiG5gIEwEg/giphy-downsized.gif?cid=e1bb72ff5adf0aec6b4b5361559ec435
318,31,D,-0.10670608526517449,1.3003766427364714,7,C,2,https://media3.giphy.com/media/148tgMI6HQ27LO/giphy-downsized.gif?cid=e1bb72ff5adf0aec6b4b5361559ec435
31,32,A,-317.1572352773318,71.33358437970818,8,C,2,https://media1.giphy.com/media/7hbNSFmZr728M/giphy-downsized.gif?cid=e1bb72ff5adf0aeb4f6b724836507d32
127,32,B,-15524.845582020276,-6401.306066768857,8,C,2,https://media1.giphy.com/media/50xBFs9kxvzLW/giphy-tumblr.gif?cid=e1bb72ff5adf0aec6b4b5361559ec435
223,32,C,-23383505.70522288,15399467.124393506,8,C,2,https://media0.giphy.com/media/saOBjkasXxpRu/giphy.gif?cid=e1bb72ff5adf0aec6b4b5361559ec435
319,32,D,1.5212634131614362,-0.916350817994827,8,C,2,https://media2.giphy.com/media/l49JThpgIOD24fGxi/giphy.gif?cid=e1bb72ff5adf0aec6b4b5361559ec435
32,33,A,371.47148512683276,441.1994706271198,9,C,2,https://media2.giphy.com/media/uJNbCaJry6ZC8/giphy-downsized.gif?cid=e1bb72ff5adf0aeb4f6b724836507d32
128,33,B,-4791.147331637948,-7121.027211489662,9,C,2,https://media0.giphy.com/media/lFGL1mTY9vyYo/giphy-downsized.gif?cid=e1bb72ff5adf0aec6b4b5361559ec435
224,33,C,-11886874.189646268,-20039277.840307,9,C,2,https://media2.giphy.com/media/as5KKEVkyZ8c0/giphy-downsized.gif?cid=e1bb72ff5adf0aec6b4b5361559ec435
320,33,D,0.5680449720679499,-0.6488565383648449,9,C,2,https://media3.giphy.com/media/zNeY0bnv5cn9C/giphy-downsized.gif?cid=e1bb72ff5adf0aec6b4b5361559ec435
33,34,A,396.26916521231584,-347.25361579126354,10,C,2,https://media1.giphy.com/media/pHogncE7jkKaI/giphy.gif?cid=e1bb72ff5adf0aeb4f6b724836507d32
129,34,B,-7522.985537331062,2579.893816956987,10,C,2,https://media0.giphy.com/media/H3LEwuWmVy1Ms/giphy-tumblr.gif?cid=e1bb72ff5adf0aec6b4b5361559ec435
225,34,C,14524853.042127661,-977321.5527038996,10,C,2,https://media0.giphy.com/media/10UnQKpvjttkAM/giphy-downsized.gif?cid=e1bb72ff5adf0aec6b4b5361559ec435
321,34,D,-0.140432493788636,0.8504079769635581,10,C,2,https://media1.giphy.com/media/mUJKLVV6SrcOI/giphy-tumblr.gif?cid=e1bb72ff5adf0aec6b4b5361559ec435
34,35,A,160.01185011036785,-398.22182890071355,11,C,2,https://media0.giphy.com/media/TtJ6Y87xRXnY4/giphy-downsized.gif?cid=e1bb72ff5adf0aeb4f6b724836507d32
130,35,B,-10606.131115867045,5826.020798048277,11,C,2,https://media0.giphy.com/media/cFf3HoF72uXao/giphy-downsized.gif?cid=e1bb72ff5adf0aec6b4b5361559ec435
226,35,C,30673519.647070892,7795187.112568993,11,C,2,https://media1.giphy.com/media/AOfJzBDsN9xVC/giphy-downsized.gif?cid=e1bb72ff5adf0aec6b4b5361559ec435
322,35,D,1.8035939112884756,0.520946801056425,11,C,2,https://media3.giphy.com/media/cECEiG5gIEwEg/giphy-downsized.gif?cid=e1bb72ff5adf0aec6b4b5361559ec435
35,36,A,67.52019485372361,358.5492778139833,12,C,2,https://media1.giphy.com/media/BE8rp6F0WR5E4/giphy-downsized.gif?cid=e1bb72ff5adf0aeb4f6b724836507d32
131,36,B,-33815.02866005042,4282.644877202061,12,C,2,https://media0.giphy.com/media/oJ8JfFCz1vkVG/giphy.gif?cid=e1bb72ff5adf0aec6b4b5361559ec435
227,36,C,66028418.81292084,11397213.276189558,12,C,2,https://media1.giphy.com/media/50xBFs9kxvzLW/giphy-tumblr.gif?cid=e1bb72ff5adf0aec6b4b5361559ec435
323,36,D,0.3668462545353734,-0.9555330202915857,12,C,2,https://media0.giphy.com/media/saOBjkasXxpRu/giphy.gif?cid=e1bb72ff5adf0aec6b4b5361559ec435
12,13,A,-170.94980994500457,-50.9096859623406,1,B,1,https://media0.giphy.com/media/nNAUV1Bhtwe5y/giphy.gif?cid=e1bb72ff5adf0aea766c763045de7cf1
108,13,B,-2582.8274198792155,20350.689689770043,1,B,1,https://media1.giphy.com/media/KyUydx1xGhYT6/giphy-downsized.gif?cid=e1bb72ff5adf0aec6b4b5361559ec435
204,13,C,-11873222.035739776,-77817934.95939228,1,B,1,https://media0.giphy.com/media/H3LEwuWmVy1Ms/giphy-tumblr.gif?cid=e1bb72ff5adf0aec6b4b5361559ec435
300,13,D,-0.25474337809349096,0.18510913801379955,1,B,1,https://media0.giphy.com/media/10UnQKpvjttkAM/giphy-downsized.gif?cid=e1bb72ff5adf0aec6b4b5361559ec435
13,14,A,-286.16387738377387,158.73407902210414,2,B,1,https://media3.giphy.com/media/jN0Qacn2Lzge4/giphy-downsized.gif?cid=e1bb72ff5adf0aea766c763045de7cf1
109,14,B,-12182.403621446616,5460.669738708192,2,B,1,https://media0.giphy.com/media/xT1XGQ9TuiWq3Gb7z2/giphy-downsized.gif?cid=e1bb72ff5adf0aec6b4b5361559ec435
205,14,C,6874820.170260005,6038459.47167744,2,B,1,https://media0.giphy.com/media/cFf3HoF72uXao/giphy-downsized.gif?cid=e1bb72ff5adf0aec6b4b5361559ec435
301,14,D,0.35489218579769805,-0.12340398194886663,2,B,1,https://media1.giphy.com/media/AOfJzBDsN9xVC/giphy-downsized.gif?cid=e1bb72ff5adf0aec6b4b5361559ec435
14,15,A,174.97702994276094,62.98182275813665,3,B,1,https://media1.giphy.com/media/3VChYhxddKEEM/giphy-tumblr.gif?cid=e1bb72ff5adf0aea766c763045de7cf1
110,15,B,-839.836128761026,17925.93066015328,3,B,1,https://media1.giphy.com/media/NGfA1idYxCU24/giphy-downsized.gif?cid=e1bb72ff5adf0aec6b4b5361559ec435
206,15,C,-7345025.5559972385,-25120444.52709829,3,B,1,https://media0.giphy.com/media/oJ8JfFCz1vkVG/giphy.gif?cid=e1bb72ff5adf0aec6b4b5361559ec435
302,15,D,-0.7295328109204195,0.682654328989544,3,B,1,https://media1.giphy.com/media/50xBFs9kxvzLW/giphy-tumblr.gif?cid=e1bb72ff5adf0aec6b4b5361559ec435
15,16,A,241.6547255014455,-464.4159549233852,4,B,1,https://media0.giphy.com/media/tDQ7zM3uxPLIA/giphy-downsized.gif?cid=e1bb72ff5adf0aea766c763045de7cf1
111,16,B,-21847.766437346007,2483.1247583616605,4,B,1,https://media2.giphy.com/media/KUUXPIF439swE/giphy-downsized.gif?cid=e1bb72ff5adf0aec6b4b5361559ec435
207,16,C,8117198.726842365,11530876.360497309,4,B,1,https://media3.giphy.com/media/G65CjNHhDSDPG/giphy-tumblr.gif?cid=e1bb72ff5adf0aec6b4b5361559ec435
303,16,D,0.3370607642236769,-0.1916834977768693,4,B,1,https://media0.giphy.com/media/lFGL1mTY9vyYo/giphy-downsized.gif?cid=e1bb72ff5adf0aec6b4b5361559ec435
16,17,A,361.37746197962,125.3971353278613,5,B,1,https://media1.giphy.com/media/USIcpj1675kTm/giphy.gif?cid=e1bb72ff5adf0aea766c763045de7cf1
112,17,B,-20947.397564430765,6382.09063374309,5,B,1,https://media2.giphy.com/media/FCiBq3pRmd5bG/giphy-downsized.gif?cid=e1bb72ff5adf0aec6b4b5361559ec435
208,17,C,-18378732.727965873,-10332922.93119107,5,B,1,https://media1.giphy.com/media/KyUydx1xGhYT6/giphy-downsized.gif?cid=e1bb72ff5adf0aec6b4b5361559ec435
304,17,D,-2.1874641447409386,1.4049069300726087,5,B,1,https://media0.giphy.com/media/H3LEwuWmVy1Ms/giphy-tumblr.gif?cid=e1bb72ff5adf0aec6b4b5361559ec435
17,18,A,-393.8199773982149,123.53560329880764,6,B,1,https://media0.giphy.com/media/vjnikWWZmfRyE/giphy-downsized.gif?cid=e1bb72ff5adf0aea766c763045de7cf1
113,18,B,73.64863189225498,-11603.990184654223,6,B,1,https://media0.giphy.com/media/uvdv57Rt4aIOA/giphy.gif?cid=e1bb72ff5adf0aec6b4b5361559ec435
209,18,C,1170215.6412948207,-26035272.055328373,6,B,1,https://media0.giphy.com/media/xT1XGQ9TuiWq3Gb7z2/giphy-downsized.gif?cid=e1bb72ff5adf0aec6b4b5361559ec435
305,18,D,-1.4478125599102885,0.9209606441994229,6,B,1,https://media0.giphy.com/media/cFf3HoF72uXao/giphy-downsized.gif?cid=e1bb72ff5adf0aec6b4b5361559ec435
18,19,A,205.89651646340434,75.66639761663178,7,B,1,https://media2.giphy.com/media/ZHSKAiSGyGAmc/giphy-tumblr.gif?cid=e1bb72ff5adf0aea766c763045de7cf1
114,19,B,-15275.833809683652,7871.080275327867,7,B,1,https://media2.giphy.com/media/Ki83sBj21sypW/giphy-downsized.gif?cid=e1bb72ff5adf0aec6b4b5361559ec435
210,19,C,18806901.764603645,-41154391.39666615,7,B,1,https://media1.giphy.com/media/NGfA1idYxCU24/giphy-downsized.gif?cid=e1bb72ff5adf0aec6b4b5361559ec435
306,19,D,-1.1239265515113062,-0.7026210554220735,7,B,1,https://media0.giphy.com/media/oJ8JfFCz1vkVG/giphy.gif?cid=e1bb72ff5adf0aec6b4b5361559ec435
19,20,A,-448.81594878659126,2749.709934268365,8,B,1,https://media1.giphy.com/media/f6EBncNR2ofrW/giphy-downsized.gif?cid=e1bb72ff5adf0aea766c763045de7cf1
115,20,B,10445.310013634073,-95887.79071747103,8,B,1,https://media2.giphy.com/media/b2SP9QlVyq1r2/giphy-downsized.gif?cid=e1bb72ff5adf0aec6b4b5361559ec435
211,20,C,6328975.729299781,-52646591.56587087,8,B,1,https://media2.giphy.com/media/KUUXPIF439swE/giphy-downsized.gif?cid=e1bb72ff5adf0aec6b4b5361559ec435
307,20,D,-0.687534617283225,45.30855464141359,8,B,1,https://media3.giphy.com/media/G65CjNHhDSDPG/giphy-tumblr.gif?cid=e1bb72ff5adf0aec6b4b5361559ec435
20,21,A,-126.61301857591906,14.430290548615359,9,B,1,https://media1.giphy.com/media/HLA4BlnP6Hmw0/giphy-downsized.gif?cid=e1bb72ff5adf0aea766c763045de7cf1
116,21,B,19256.62498284991,-6310.460350953705,9,B,1,https://media2.giphy.com/media/gx2Ui2hu4Ori8/giphy-tumblr.gif?cid=e1bb72ff5adf0aec6b4b5361559ec435
212,21,C,12811505.21264526,28143352.21520427,9,B,1,https://media2.giphy.com/media/FCiBq3pRmd5bG/giphy-downsized.gif?cid=e1bb72ff5adf0aec6b4b5361559ec435
308,21,D,-0.22218222919065966,-1.2217936002022811,9,B,1,https://media1.giphy.com/media/KyUydx1xGhYT6/giphy-downsized.gif?cid=e1bb72ff5adf0aec6b4b5361559ec435
21,22,A,-121.07069014818285,42.15099219453017,10,B,1,https://media3.giphy.com/media/IlXnu7XUWlXfW/giphy-downsized.gif?cid=e1bb72ff5adf0aea766c763045de7cf1
117,22,B,2525.973693772268,3517.697203267934,10,B,1,https://media3.giphy.com/media/TJ68bgiVI82JO/giphy-downsized.gif?cid=e1bb72ff5adf0aec6b4b5361559ec435
213,22,C,-23754502.514864326,8143421.276901381,10,B,1,https://media0.giphy.com/media/uvdv57Rt4aIOA/giphy.gif?cid=e1bb72ff5adf0aec6b4b5361559ec435
309,22,D,0.22253175376967724,-1.300412693195885,10,B,1,https://media0.giphy.com/media/xT1XGQ9TuiWq3Gb7z2/giphy-downsized.gif?cid=e1bb72ff5adf0aec6b4b5361559ec435
22,23,A,143.33426128243462,-35.15099013975155,11,B,1,https://media0.giphy.com/media/dfqeeBMMNL6Ew/giphy-downsized.gif?cid=e1bb72ff5adf0aea766c763045de7cf1
118,23,B,-9062.238447164824,10622.26192535536,11,B,1,https://media3.giphy.com/media/148tgMI6HQ27LO/giphy-downsized.gif?cid=e1bb72ff5adf0aec6b4b5361559ec435
214,23,C,8680848.47596926,7138104.030584125,11,B,1,https://media2.giphy.com/media/Ki83sBj21sypW/giphy-downsized.gif?cid=e1bb72ff5adf0aec6b4b5361559ec435
310,23,D,-1.935803295185516,0.6099387367381274,11,B,1,https://media1.giphy.com/media/NGfA1idYxCU24/giphy-downsized.gif?cid=e1bb72ff5adf0aec6b4b5361559ec435
23,24,A,377.84890104347437,75.67719137959028,12,B,1,https://media0.giphy.com/media/5XbzI6FaeEnJu/giphy-downsized.gif?cid=e1bb72ff5adf0aea766c763045de7cf1
119,24,B,-13147.118734170313,-7427.285370806657,12,B,1,https://media2.giphy.com/media/l49JThpgIOD24fGxi/giphy.gif?cid=e1bb72ff5adf0aec6b4b5361559ec435
215,24,C,-22933640.20300015,6237264.324196407,12,B,1,https://media2.giphy.com/media/b2SP9QlVyq1r2/giphy-downsized.gif?cid=e1bb72ff5adf0aec6b4b5361559ec435
311,24,D,-0.3022731407789913,1.1990165833515405,12,B,1,https://media2.giphy.com/media/KUUXPIF439swE/giphy-downsized.gif?cid=e1bb72ff5adf0aec6b4b5361559ec435
0,1,A,-204.2614242739514,214.67965819104205,1,A,0,https://media2.giphy.com/media/GwctFBl59kizK/giphy-tumblr.gif?cid=e1bb72ff5adf0aea766c763045de7cf1
96,1,B,2599.802372793376,11651.064887787075,1,A,0,https://media2.giphy.com/media/vEhVeqokT9gti/giphy-downsized.gif?cid=e1bb72ff5adf0aec6b4b536155ba9526
192,1,C,-25489797.324348457,-41777577.28130275,1,A,0,https://media3.giphy.com/media/TJ68bgiVI82JO/giphy-downsized.gif?cid=e1bb72ff5adf0aec6b4b5361559ec435
288,1,D,-0.8091814405626332,0.7982848820056467,1,A,0,https://media0.giphy.com/media/uvdv57Rt4aIOA/giphy.gif?cid=e1bb72ff5adf0aec6b4b5361559ec435
1,2,A,-244.72164191509913,192.53774888188664,2,A,0,https://media1.giphy.com/media/Par5Lr4amEIgg/giphy-downsized.gif?cid=e1bb72ff5adf0aea766c763045de7cf1
97,2,B,9836.550441068008,12438.307247141875,2,A,0,https://media2.giphy.com/media/zhh4AV4planWU/giphy-downsized.gif?cid=e1bb72ff5adf0aec6b4b536155ba9526
193,2,C,17313626.961751767,-5105141.926777072,2,A,0,https://media3.giphy.com/media/148tgMI6HQ27LO/giphy-downsized.gif?cid=e1bb72ff5adf0aec6b4b5361559ec435
289,2,D,0.3480443325110689,1.6150290021600835,2,A,0,https://media2.giphy.com/media/Ki83sBj21sypW/giphy-downsized.gif?cid=e1bb72ff5adf0aec6b4b5361559ec435
2,3,A,112.26580233751076,-312.6204627588403,3,A,0,https://media1.giphy.com/media/2G5llPaffwvio/giphy-downsized.gif?cid=e1bb72ff5adf0aea766c763045de7cf1
98,3,B,-3703.170458809123,-6104.714706711395,3,A,0,https://media2.giphy.com/media/2xPVCVNjWnRP31pIC0/giphy-downsized.gif?cid=e1bb72ff5adf0aec6b4b536155ba9526
194,3,C,-15717235.580360504,-35166145.81997114,3,A,0,https://media2.giphy.com/media/l49JThpgIOD24fGxi/giphy.gif?cid=e1bb72ff5adf0aec6b4b5361559ec435
290,3,D,0.306656611029659,-0.06259338460749934,3,A,0,https://media2.giphy.com/media/b2SP9QlVyq1r2/giphy-downsized.gif?cid=e1bb72ff5adf0aec6b4b5361559ec435
3,4,A,280.67858040479234,-230.33722757638486,4,A,0,https://media2.giphy.com/media/TQmVlE6Kmg69q/giphy-downsized.gif?cid=e1bb72ff5adf0aea766c763045de7cf1
99,4,B,6879.546995708835,-6333.3225174554855,4,A,0,https://media0.giphy.com/media/xnajLUmxcl3Da/giphy.gif?cid=e1bb72ff5adf0aec6b4b536155ba9526
195,4,C,15319522.566201085,-1508395.249632655,4,A,0,https://media3.giphy.com/media/zNeY0bnv5cn9C/giphy-downsized.gif?cid=e1bb72ff5adf0aec6b4b5361559ec435
291,4,D,-0.1984032173385632,-0.5451746451209549,4,A,0,https://media2.giphy.com/media/gx2Ui2hu4Ori8/giphy-tumblr.gif?cid=e1bb72ff5adf0aec6b4b5361559ec435
4,5,A,-161.47723479860875,-168.3555128658319,5,A,0,https://media3.giphy.com/media/VRYdgVNnAHi3S/giphy-downsized.gif?cid=e1bb72ff5adf0aea766c763045de7cf1
100,5,B,17552.515105371363,15888.26020965109,5,A,0,https://media0.giphy.com/media/10UnQKpvjttkAM/giphy-downsized.gif?cid=e1bb72ff5adf0aec6b4b5361559ec435
196,5,C,25017274.62178788,-2341122.099268138,5,A,0,https://media1.giphy.com/media/mUJKLVV6SrcOI/giphy-tumblr.gif?cid=e1bb72ff5adf0aec6b4b5361559ec435
292,5,D,0.9695949378852616,1.4569647686578346,5,A,0,https://media3.giphy.com/media/TJ68bgiVI82JO/giphy-downsized.gif?cid=e1bb72ff5adf0aec6b4b5361559ec435
5,6,A,-280.56908132982824,-140.1912299396606,6,A,0,https://media1.giphy.com/media/qhMsjVL35aVOw/giphy-downsized.gif?cid=e1bb72ff5adf0aea766c763045de7cf1
101,6,B,4656.015792149284,-401.5568853921753,6,A,0,https://media1.giphy.com/media/AOfJzBDsN9xVC/giphy-downsized.gif?cid=e1bb72ff5adf0aec6b4b5361559ec435
197,6,C,1405191.9925926984,-28331942.162610896,6,A,0,https://media3.giphy.com/media/cECEiG5gIEwEg/giphy-downsized.gif?cid=e1bb72ff5adf0aec6b4b5361559ec435
293,6,D,1.714480056921206,-1.318114930094433,6,A,0,https://media3.giphy.com/media/148tgMI6HQ27LO/giphy-downsized.gif?cid=e1bb72ff5adf0aec6b4b5361559ec435
6,7,A,-40.8478141765189,28.261089091647978,7,A,0,https://media2.giphy.com/media/3xcgOys22TQ08/giphy-downsized.gif?cid=e1bb72ff5adf0aea766c763045de7cf1
102,7,B,14725.629242082763,17143.4248397435,7,A,0,https://media1.giphy.com/media/50xBFs9kxvzLW/giphy-tumblr.gif?cid=e1bb72ff5adf0aec6b4b5361559ec435
198,7,C,39753843.61818941,-31014261.076895565,7,A,0,https://media0.giphy.com/media/saOBjkasXxpRu/giphy.gif?cid=e1bb72ff5adf0aec6b4b5361559ec435
294,7,D,1.361003947374473,-0.4484390500077033,7,A,0,https://media2.giphy.com/media/l49JThpgIOD24fGxi/giphy.gif?cid=e1bb72ff5adf0aec6b4b5361559ec435
7,8,A,318.5572114351705,103.78456266984058,8,A,0,https://media1.giphy.com/media/10zIbdVxmB3NkI/giphy-downsized.gif?cid=e1bb72ff5adf0aea766c763045de7cf1
103,8,B,-7879.611345306658,-4329.446061330837,8,A,0,https://media0.giphy.com/media/lFGL1mTY9vyYo/giphy-downsized.gif?cid=e1bb72ff5adf0aec6b4b5361559ec435
199,8,C,-30650925.129927687,-5040202.339543441,8,A,0,https://media2.giphy.com/media/as5KKEVkyZ8c0/giphy-downsized.gif?cid=e1bb72ff5adf0aec6b4b5361559ec435
295,8,D,0.10589373811515362,-1.353180492015123,8,A,0,https://media3.giphy.com/media/zNeY0bnv5cn9C/giphy-downsized.gif?cid=e1bb72ff5adf0aec6b4b5361559ec435
8,9,A,31.02475507939367,160.43234586620449,9,A,0,https://media3.giphy.com/media/emJ13ErLi2Tlu/giphy-downsized.gif?cid=e1bb72ff5adf0aea766c763045de7cf1
104,9,B,-15588.485871741386,-10010.597212606352,9,A,0,https://media0.giphy.com/media/H3LEwuWmVy1Ms/giphy-tumblr.gif?cid=e1bb72ff5adf0aec6b4b5361559ec435
200,9,C,-36320030.80917732,4297828.936369151,9,A,0,https://media0.giphy.com/media/10UnQKpvjttkAM/giphy-downsized.gif?cid=e1bb72ff5adf0aec6b4b5361559ec435
296,9,D,-1.7540971027467327,0.9633012870225273,9,A,0,https://media1.giphy.com/media/mUJKLVV6SrcOI/giphy-tumblr.gif?cid=e1bb72ff5adf0aec6b4b5361559ec435
9,10,A,160.9806188194597,181.3562006706612,10,A,0,https://media2.giphy.com/media/xT9IgFjJq76sSsFR1S/giphy-downsized.gif?cid=e1bb72ff5adf0aea766c763045de7cf1
105,10,B,-15622.451472735675,15077.998161536203,10,A,0,https://media0.giphy.com/media/cFf3HoF72uXao/giphy-downsized.gif?cid=e1bb72ff5adf0aec6b4b5361559ec435
201,10,C,7386333.225738814,15703787.17470939,10,A,0,https://media1.giphy.com/media/AOfJzBDsN9xVC/giphy-downsized.gif?cid=e1bb72ff5adf0aec6b4b5361559ec435
297,10,D,-0.7205572065915054,0.4789856468107102,10,A,0,https://media3.giphy.com/media/cECEiG5gIEwEg/giphy-downsized.gif?cid=e1bb72ff5adf0aec6b4b5361559ec435
10,11,A,-14.315653947807606,-260.90507975267644,11,A,0,https://media3.giphy.com/media/3xaLSTTF2XvWg/giphy-downsized.gif?cid=e1bb72ff5adf0aea766c763045de7cf1
106,11,B,4530.798931163941,-8749.364100963185,11,A,0,https://media0.giphy.com/media/oJ8JfFCz1vkVG/giphy.gif?cid=e1bb72ff5adf0aec6b4b5361559ec435
202,11,C,71052818.29596248,53572422.376630135,11,A,0,https://media1.giphy.com/media/50xBFs9kxvzLW/giphy-tumblr.gif?cid=e1bb72ff5adf0aec6b4b5361559ec435
298,11,D,0.7937198224752734,-0.022978674826160537,11,A,0,https://media0.giphy.com/media/saOBjkasXxpRu/giphy.gif?cid=e1bb72ff5adf0aec6b4b5361559ec435
11,12,A,-245.322075725892,244.8548790116199,12,A,0,https://media1.giphy.com/media/Jjquz4cpSRc9a/giphy-downsized.gif?cid=e1bb72ff5adf0aea766c763045de7cf1
107,12,B,-18332.456160522834,11849.646005456681,12,A,0,https://media3.giphy.com/media/G65CjNHhDSDPG/giphy-tumblr.gif?cid=e1bb72ff5adf0aec6b4b5361559ec435
203,12,C,46590625.283376604,25692088.464453753,12,A,0,https://media0.giphy.com/media/lFGL1mTY9vyYo/giphy-downsized.gif?cid=e1bb72ff5adf0aec6b4b5361559ec435
299,12,D,1.1223367206017116,2.0751459013694586,12,A,0,https://media2.giphy.com/media/as5KKEVkyZ8c0/giphy-downsized.gif?cid=e1bb72ff5adf0aec6b4b5361559ec435
